{"cameraMode":{"drawMode":0,"name":"Shaded","section":"Shading Mode"},"sceneLighting":false,"audioPlay":false,"sceneViewState":{"m_AlwaysRefresh":false,"showFog":true,"showSkybox":false,"showFlares":true,"showImageEffects":true,"showParticleSystems":true,"showVisualEffectGraphs":true,"m_FxEnabled":true},"in2DMode":false,"pivot":{"x":1.1920928955078126e-7,"y":0.4819600582122803,"z":-0.036714330315589908},"rotation":{"x":0.012621583417057991,"y":-0.9864718317985535,"z":0.1348913311958313,"w":0.09230209141969681},"size":0.5646504759788513,"orthographic":false}