{"cameraMode":{"drawMode":0,"name":"Shaded","section":"Shading Mode"},"sceneLighting":false,"audioPlay":false,"sceneViewState":{"m_AlwaysRefresh":false,"showFog":true,"showSkybox":false,"showFlares":true,"showImageEffects":true,"showParticleSystems":true,"showVisualEffectGraphs":true,"m_FxEnabled":true},"in2DMode":false,"pivot":{"x":1.7391092777252198,"y":0.6246091723442078,"z":-0.06487727165222168},"rotation":{"x":0.05545599013566971,"y":-0.8694648742675781,"z":0.10034135729074478,"w":0.4805160462856293},"size":1.4009482860565186,"orthographic":false}