{"cameraMode":{"drawMode":0,"name":"Shaded","section":"Shading Mode"},"sceneLighting":true,"audioPlay":false,"sceneViewState":{"m_AlwaysRefresh":false,"showFog":true,"showSkybox":true,"showFlares":true,"showImageEffects":true,"showParticleSystems":true,"showVisualEffectGraphs":true,"m_FxEnabled":true},"in2DMode":false,"pivot":{"x":2.7793161869049074,"y":-1.0487844944000245,"z":20.68379783630371},"rotation":{"x":-0.10436028987169266,"y":0.09176822006702423,"z":-0.009671565145254135,"w":-0.9902513027191162},"size":9.29599380493164,"orthographic":false}