{"cameraMode":{"drawMode":0,"name":"Shaded","section":"Shading Mode"},"sceneLighting":false,"audioPlay":false,"sceneViewState":{"m_AlwaysRefresh":false,"showFog":true,"showSkybox":false,"showFlares":true,"showImageEffects":true,"showParticleSystems":true,"showVisualEffectGraphs":true,"m_FxEnabled":true},"in2DMode":false,"pivot":{"x":-1.190799355506897,"y":-0.07845857739448548,"z":1.6142760515213013},"rotation":{"x":0.22936338186264039,"y":0.12515471875667573,"z":-0.029753122478723527,"w":0.9648033380508423},"size":0.6367155909538269,"orthographic":false}