{"cameraMode":{"drawMode":0,"name":"Shaded","section":"Shading Mode"},"sceneLighting":false,"audioPlay":false,"sceneViewState":{"m_AlwaysRefresh":false,"showFog":true,"showSkybox":false,"showFlares":true,"showImageEffects":true,"showParticleSystems":true,"showVisualEffectGraphs":true,"m_FxEnabled":true},"in2DMode":false,"pivot":{"x":0.7046329379081726,"y":0.5800279974937439,"z":0.8823818564414978},"rotation":{"x":0.04116310551762581,"y":-0.7016894221305847,"z":0.04067070782184601,"w":0.7101362347602844},"size":0.47093427181243899,"orthographic":false}